<?xml version="1.0" encoding="UTF-8"?>
<project-private xmlns="http://www.netbeans.org/ns/project-private/1">
    <editor-bookmarks xmlns="http://www.netbeans.org/ns/editor-bookmarks/2" lastBookmarkId="0"/>
    <open-files xmlns="http://www.netbeans.org/ns/projectui-open-files/2">
        <group>
            <file>file:/C:/xampp/htdocs/MIPRES/vista/scripts/datos_facturados.js</file>
            <file>file:/C:/xampp/htdocs/MIPRES/modelo/Facturacion.php</file>
            <file>file:/C:/xampp/htdocs/MIPRES/controlador/facturacion.php</file>
            <file>file:/C:/xampp/htdocs/MIPRES/index.php</file>
            <file>file:/C:/xampp/htdocs/MIPRES/vista/scripts/anular_datos_facturados.js</file>
            <file>file:/C:/xampp/htdocs/MIPRES/vista/Anular_Datosfacturados.php</file>
            <file>file:/C:/xampp/htdocs/MIPRES/vista/Datos_facturados.php</file>
            <file>file:/C:/xampp/htdocs/MIPRES/services/AnularSuministroEPS.php</file>
            <file>file:/C:/xampp/htdocs/MIPRES/services/PUT-api-NoDireccionamiento-nit-token.php</file>
        </group>
    </open-files>
</project-private>
